[{"id":"bb5b92fa-9186-455c-a5df-794a891443ac","type":"card","cardType":"type-e78dfb86-71d4-433d-add8-dfde82a79e1d","deck":"196a25de-bbca-444d-8787-19e4026b0ef2","parent":"hand","x":96,"y":826,"z":10648,"owner":"smRGxJFt19RZSuRAdK8YL6yIoD63","faceup":true,"layoutStackParent":"182b4415-e3d0-4747-965e-1d704b820759","dragging":null},{"id":"9a7815b2-a969-4d7c-b744-dcb85bb622cf","type":"piece","cardType":"black","deck":"8c98aa89-f11e-4ab6-b6f6-e62cfa406ca5","parent":null,"x":947.3,"y":148.7,"z":10535,"owner":null,"dragging":null},{"id":"5e6febe8-348a-4e8e-9ca6-f596a440db1a","type":"card","cardType":"type-32510ca6-dccf-467f-9f73-dd99f9654fcc","deck":"196a25de-bbca-444d-8787-19e4026b0ef2","parent":"fc7f57ba-4854-4b0b-a719-d8134cd196b9","x":355,"y":202.7,"z":10657,"owner":null,"faceup":true,"layoutStackParent":null,"dragging":null},{"clickRoutine":{"steps":[{"id":"5761f48e-1ca1-4bc1-bdb5-fc0800b028b0","func":"MOVE_CARDS_BETWEEN_HOLDERS","args":{"objects":{"type":"query","queryWidgetTypes":["card","piece"],"holders":["d71f52c3-fdae-4724-a0de-d7bcbb9ad787","436cf162-dfaf-4e19-92b7-f16ae35429bc","467d34aa-feec-48b1-a1f2-ea67679205b9","fc7f57ba-4854-4b0b-a719-d8134cd196b9","3d8cdde5-7349-4383-809a-ccba6e8916c2","e4f1f339-084a-40b3-ba72-4243b2feba31","388a0804-70a1-42a2-a8a4-bf03113c4156","018ee36b-f80c-40b8-9a2c-325445359451","c63d3167-ca8d-4f3b-b275-29fe45ede4e8","490a27b5-1a71-4974-b46e-7bf0dda33bc7","7c4e4b57-e3ea-46bd-aa02-cd1686cb873d","58398a76-7dd8-495a-badc-48fa778e35ce","92297c9a-2de0-44b7-bd97-ec5dcb082622","a40dd77b-4ab2-4b67-b67c-6da6e75e7f24","46fd5bb2-1203-424b-83b4-85fab9e12741","e858b1d9-4a66-4224-a381-96f4cd11afc3","905de7b8-aae9-4a74-b233-06d2629df2a9","72ff2ae8-6824-4114-994d-fc6524e2fcfd","2fa6a900-3428-4d43-95b6-6c78b5ae2242","bb0ccdcb-c8e1-4dba-aaa9-e80feea26223"]},"to":{"type":"literal","value":["9c3b1fc2-9116-47d7-9b67-5d16d1bd0735"]},"moveFlip":{"type":"literal","value":"faceUp"},"quantity":{"type":"literal","value":"all"}}}],"popupMessage":null},"type":"automationButton","mainOutlines":[{"size":4,"offset":0,"fill":{"type":"color","color":"rgb(215,185,127)"}}],"label":"Discard","mainBackground":{"fill":{"type":"color","color":"rgb(232,212,164)"}},"x":855.7,"z":925,"y":306.2,"id":"5a79caec-ae8e-4834-a2b8-60f6048e9a0c","dragging":null},{"id":"905de7b8-aae9-4a74-b233-06d2629df2a9","x":1091.4,"y":446.7,"z":882,"type":"cardPile","linkedSeat":"1bab081c-df95-48d8-b9af-6b22c09e92e9","dragging":null},{"id":"b829c003-f16e-4bcc-9cee-84fddac3226e","type":"piece","cardType":"yellow","deck":"2690960c-65e6-40d7-b20d-6185e5684d94","parent":null,"x":947.3,"y":52.4,"z":9403,"dragging":null},{"id":"3eb5f0d4-b2e3-4b95-ac07-ca46d0edafa8","type":"piece","cardType":"black","deck":"8c98aa89-f11e-4ab6-b6f6-e62cfa406ca5","parent":null,"x":1050.8,"y":443,"z":10681,"owner":null,"dragging":null},{"id":"7cf6a765-74d5-435d-97da-806562e6a87b","x":26.1,"y":103.9,"z":219,"type":"seat","seatIndex":0,"draggingType":null,"seatedUser":"smRGxJFt19RZSuRAdK8YL6yIoD63","seatInitials":null,"seatLabel":"たもと","seatColor":"orange","dragging":null},{"id":"467d34aa-feec-48b1-a1f2-ea67679205b9","x":234,"y":198.3,"z":877,"type":"cardPile","linkedSeat":"7cf6a765-74d5-435d-97da-806562e6a87b","dragging":null},{"id":"0c9a13e1-f4ee-496e-bf2a-4f2cca229101","type":"card","cardType":"type-f55ade4f-de9c-40a7-b2a3-5c5edf52e8e8","deck":"196a25de-bbca-444d-8787-19e4026b0ef2","parent":"bb0ccdcb-c8e1-4dba-aaa9-e80feea26223","x":1216.1,"y":627.7,"z":10658,"owner":null,"faceup":true,"layoutStackParent":null,"dragging":null},{"id":"e5d1b96d-760c-492a-98b1-b18422a2115d","type":"piece","cardType":"black","deck":"8c98aa89-f11e-4ab6-b6f6-e62cfa406ca5","parent":null,"x":1050.8,"y":443,"z":10685,"owner":null,"dragging":null},{"id":"884de891-35ea-4adf-8b2c-849c27a3f2ce","type":"card","cardType":"type-f6216678-69d4-47e9-a4a4-98d4e50d134e","deck":"196a25de-bbca-444d-8787-19e4026b0ef2","parent":"7c4e4b57-e3ea-46bd-aa02-cd1686cb873d","x":639.4,"y":628.9,"z":10664,"owner":null,"faceup":true,"layoutStackParent":null,"dragging":null},{"type":"cardPile","id":"3d8cdde5-7349-4383-809a-ccba6e8916c2","x":235.1,"y":452,"z":870,"draggingType":null,"linkedSeat":"17d81598-c21a-418c-8f76-281877d0ef8b","dragging":null},{"id":"1817c8ea-65d6-4ecd-8524-a5349f2fd3ca","type":"piece","cardType":"yellow","deck":"2690960c-65e6-40d7-b20d-6185e5684d94","parent":null,"x":947.3,"y":52.4,"z":9404,"dragging":null},{"id":"7699ed45-67a8-44df-9ef9-d5c8e6ad2b24","type":"piece","cardType":"black","deck":"8c98aa89-f11e-4ab6-b6f6-e62cfa406ca5","parent":null,"x":947.3,"y":148.7,"z":10533,"owner":null,"dragging":null},{"id":"d71f52c3-fdae-4724-a0de-d7bcbb9ad787","x":233.2,"y":25.6,"z":873,"type":"cardPile","draggingType":null,"linkedSeat":"7cf6a765-74d5-435d-97da-806562e6a87b","dragging":null},{"id":"56ae112e-d4be-44ae-9e86-dee907872fdf","type":"card","cardType":"type-14edc89d-5688-48a1-a736-9cf23b2898da","deck":"196a25de-bbca-444d-8787-19e4026b0ef2","parent":"490a27b5-1a71-4974-b46e-7bf0dda33bc7","x":754.1,"y":449.9,"z":10677,"owner":null,"faceup":true,"layoutStackParent":null,"dragging":null},{"id":"2fa6a900-3428-4d43-95b6-6c78b5ae2242","x":1091.8,"y":625.2,"z":883,"type":"cardPile","linkedSeat":"1bab081c-df95-48d8-b9af-6b22c09e92e9","dragging":null},{"type":"counter","counterValue":16,"counterMin":0,"counterMax":1000,"id":"08ca5fd4-cb4c-4a8a-b36e-95641e8f2aa8","x":48.1,"y":561.8,"z":1021,"dragging":null},{"id":"286319e8-177d-4709-ac28-bec72a095872","type":"card","cardType":"type-57c2ec3b-e128-48db-88d1-198a509e71b2","deck":"196a25de-bbca-444d-8787-19e4026b0ef2","parent":"88ed28d2-9254-4a92-9cd2-afbea5ef3f37","x":676.2,"y":31.2,"z":10593,"owner":null,"faceup":false,"layoutStackParent":null,"dragging":null},{"id":"15516eff-a86e-48f9-b748-1c6d8cb923ae","type":"card","cardType":"type-40cc64e9-2bec-4fe3-b569-56b4b5c4cf26","deck":"196a25de-bbca-444d-8787-19e4026b0ef2","parent":"hand","x":96,"y":826,"z":10655,"owner":"XKvfu8yBk1aoa5mNghxJ1XDxoCt1","faceup":true,"layoutStackParent":"ab97222e-d9bb-4ee2-86a0-19405eb1e64b","dragging":null},{"id":"8be4e9c5-a273-4e77-b8f9-207190025996","type":"piece","cardType":"black","deck":"8c98aa89-f11e-4ab6-b6f6-e62cfa406ca5","parent":null,"x":470.5,"y":87.4,"z":10688,"owner":null,"dragging":null},{"id":"fc7f57ba-4854-4b0b-a719-d8134cd196b9","x":348,"y":198.7,"z":878,"type":"cardPile","linkedSeat":"7cf6a765-74d5-435d-97da-806562e6a87b","dragging":null},{"id":"e1213815-bc9c-446e-b549-a680063e817f","type":"card","cardType":"type-14edc89d-5688-48a1-a736-9cf23b2898da","deck":"196a25de-bbca-444d-8787-19e4026b0ef2","parent":"c63d3167-ca8d-4f3b-b275-29fe45ede4e8","x":637.9,"y":451.4,"z":10679,"owner":null,"faceup":true,"layoutStackParent":null,"dragging":null},{"id":"f66169f3-e7a0-4aee-927a-da90eb27707c","type":"piece","cardType":"black","deck":"8c98aa89-f11e-4ab6-b6f6-e62cfa406ca5","parent":null,"x":947.3,"y":148.7,"z":10523,"owner":null,"dragging":null},{"id":"1a45e2f5-8ad0-44fa-beb9-2a156952aaa4","type":"card","cardType":"type-c4ecd495-f8b5-4c54-9253-9e550dcfc07e","deck":"196a25de-bbca-444d-8787-19e4026b0ef2","parent":"88ed28d2-9254-4a92-9cd2-afbea5ef3f37","x":676.2,"y":31.2,"z":10594,"owner":null,"faceup":false,"layoutStackParent":null,"dragging":null},{"id":"ec74978e-ba91-4e94-b3fe-ea142de11333","type":"card","cardType":"type-9ab7b843-dc4b-4e74-a482-5be0cc1604dc","deck":"196a25de-bbca-444d-8787-19e4026b0ef2","parent":"88ed28d2-9254-4a92-9cd2-afbea5ef3f37","x":676.2,"y":31.2,"z":10591,"faceup":false,"owner":null,"layoutStackParent":null,"dragging":null},{"id":"e5ab278d-189c-4ed5-bad7-254697c91939","type":"piece","cardType":"black","deck":"8c98aa89-f11e-4ab6-b6f6-e62cfa406ca5","parent":null,"x":947.3,"y":148.7,"z":10509,"owner":null,"dragging":null},{"id":"17d81598-c21a-418c-8f76-281877d0ef8b","x":31,"y":512.9,"z":223,"type":"seat","seatIndex":4,"draggingType":null,"seatedUser":"pnS6Czsl9oUSf13xrpw6m8YHIVN2","seatInitials":null,"seatLabel":"wol","seatColor":"teal","dragging":null},{"id":"e19e26ef-44a7-4f9a-863d-851ba8ea89e0","type":"card","cardType":"type-e61cc6d7-0d77-4f4d-88e6-58b7c21ade23","deck":"196a25de-bbca-444d-8787-19e4026b0ef2","parent":"3d8cdde5-7349-4383-809a-ccba6e8916c2","x":242.1,"y":456,"z":10678,"owner":null,"faceup":true,"layoutStackParent":null,"dragging":null},{"id":"bedc9c56-3f42-47f4-a8e1-ce8bdd88bd6d","type":"card","cardType":"type-f68a1231-b335-4ecc-bcb0-e2092cd7b2a5","deck":"196a25de-bbca-444d-8787-19e4026b0ef2","parent":"88ed28d2-9254-4a92-9cd2-afbea5ef3f37","x":676.2,"y":31.2,"z":10587,"owner":null,"faceup":false,"layoutStackParent":null,"dragging":null},{"id":"8c657bc8-5004-4551-8266-c94f6d675e1f","type":"piece","cardType":"yellow","deck":"2690960c-65e6-40d7-b20d-6185e5684d94","parent":null,"x":947.3,"y":52.4,"z":9397,"dragging":null},{"type":"counter","counterValue":0,"counterMin":0,"counterMax":1000,"id":"6ca4baf2-03b4-4c0e-8ec5-870989634463","x":1376,"y":147,"z":1018,"dragging":null},{"id":"13105e7f-d518-4382-9180-e8fe5b57c5ff","type":"piece","cardType":"black","deck":"8c98aa89-f11e-4ab6-b6f6-e62cfa406ca5","parent":null,"x":947.3,"y":148.7,"z":10531,"owner":null,"dragging":null},{"id":"72ff2ae8-6824-4114-994d-fc6524e2fcfd","x":1208.7,"y":445.2,"z":871,"type":"cardPile","draggingType":null,"linkedSeat":"1bab081c-df95-48d8-b9af-6b22c09e92e9","dragging":null},{"id":"c6213258-827d-4b65-b869-687885b75a9b","type":"piece","cardType":"black","deck":"8c98aa89-f11e-4ab6-b6f6-e62cfa406ca5","parent":null,"x":484.3,"y":285.7,"z":10668,"faceup":false,"owner":null,"dragging":null},{"id":"84e8badd-ea00-4a7a-884d-d755ef394eb1","type":"piece","cardType":"black","deck":"8c98aa89-f11e-4ab6-b6f6-e62cfa406ca5","parent":null,"x":947.3,"y":148.7,"z":10519,"owner":null,"faceup":false,"layoutStackParent":null,"dragging":null},{"id":"1f497261-470e-4951-966d-6a6824736080","type":"piece","cardType":"yellow","deck":"86ca8133-6db0-44fb-b507-2f2e47d9aedd","parent":null,"x":530.1,"y":44.5,"z":10352,"owner":null,"faceup":true,"dragging":null},{"id":"a993549c-6be6-46a1-acd7-389304a933a4","type":"piece","cardType":"yellow","deck":"2690960c-65e6-40d7-b20d-6185e5684d94","parent":null,"x":947.3,"y":52.4,"z":10597,"dragging":null},{"id":"6591876f-f1c4-42fd-9bc2-0cd658004337","type":"piece","cardType":"black","deck":"8c98aa89-f11e-4ab6-b6f6-e62cfa406ca5","parent":null,"x":947.3,"y":148.7,"z":10518,"faceup":false,"owner":null,"dragging":null},{"mainTextStyle":{"size":16,"font":"opensans-semibold","align":"center","mainFill":{"type":"color","color":"rgb(109,109,109)"},"outlines":[]},"clickRoutine":{"steps":[{"id":"4c422aba-1038-4599-a40f-412006e9fe6e","func":"FLIP_CARDS","args":{"flipFace":{"type":"literal","value":"faceUp"},"objects":{"type":"query","collections":null,"queryWidgetTypes":["card","piece"],"holders":["467d34aa-feec-48b1-a1f2-ea67679205b9","fc7f57ba-4854-4b0b-a719-d8134cd196b9","388a0804-70a1-42a2-a8a4-bf03113c4156","018ee36b-f80c-40b8-9a2c-325445359451","7c4e4b57-e3ea-46bd-aa02-cd1686cb873d","58398a76-7dd8-495a-badc-48fa778e35ce","2fa6a900-3428-4d43-95b6-6c78b5ae2242","bb0ccdcb-c8e1-4dba-aaa9-e80feea26223","46fd5bb2-1203-424b-83b4-85fab9e12741","e858b1d9-4a66-4224-a381-96f4cd11afc3"]}}}]},"type":"automationButton","mainOutlines":[{"size":4,"offset":0,"fill":{"type":"color","color":"rgb(209,148,149)"}}],"mainBackground":{"fill":{"type":"color","color":"rgb(232,164,165)"}},"z":924,"y":303.1,"x":754.1,"label":"open all nircrei","id":"d11b5bdf-4a2b-4455-9d0e-03a35c23e4e7","dragging":null},{"id":"bb0ccdcb-c8e1-4dba-aaa9-e80feea26223","x":1209.1,"y":623.7,"z":884,"type":"cardPile","linkedSeat":"1bab081c-df95-48d8-b9af-6b22c09e92e9","dragging":null},{"id":"9746677b-d319-4994-a7e4-02294637036d","type":"piece","cardType":"black","deck":"8c98aa89-f11e-4ab6-b6f6-e62cfa406ca5","parent":null,"x":947.3,"y":148.7,"z":10511,"owner":null,"dragging":null},{"id":"436cf162-dfaf-4e19-92b7-f16ae35429bc","x":346.1,"y":25,"z":876,"type":"cardPile","linkedSeat":"7cf6a765-74d5-435d-97da-806562e6a87b","dragging":null},{"id":"adcfbf35-f9d0-4b69-ace4-5cdbb651dea2","type":"piece","cardType":"black","deck":"8c98aa89-f11e-4ab6-b6f6-e62cfa406ca5","parent":null,"x":947.3,"y":148.7,"z":10517,"owner":null,"faceup":false,"dragging":null},{"mainTextStyle":{"size":16,"font":"opensans-semibold","align":"center","mainFill":{"type":"color","color":"rgb(109,109,109)"},"outlines":[]},"clickRoutine":{"steps":[{"id":"b7f117f4-926a-41c9-af40-9b8741b37d60","func":"FLIP_CARDS","args":{"flipFace":{"type":"literal","value":"faceUp"},"objects":{"type":"query","collections":null,"queryWidgetTypes":["card","piece"],"holders":["d71f52c3-fdae-4724-a0de-d7bcbb9ad787","436cf162-dfaf-4e19-92b7-f16ae35429bc","3d8cdde5-7349-4383-809a-ccba6e8916c2","e4f1f339-084a-40b3-ba72-4243b2feba31","c63d3167-ca8d-4f3b-b275-29fe45ede4e8","490a27b5-1a71-4974-b46e-7bf0dda33bc7","92297c9a-2de0-44b7-bd97-ec5dcb082622","a40dd77b-4ab2-4b67-b67c-6da6e75e7f24","905de7b8-aae9-4a74-b233-06d2629df2a9","72ff2ae8-6824-4114-994d-fc6524e2fcfd"]}}}]},"type":"automationButton","mainOutlines":[{"size":4,"offset":0,"fill":{"type":"color","color":"rgb(209,148,149)"}}],"mainBackground":{"fill":{"type":"color","color":"rgb(232,164,165)"}},"y":303.7,"z":923,"x":652.6,"label":"open all martruai","id":"4df65625-4da7-4339-9eaa-b0e9ae0679ce","dragging":null},{"id":"90e468b9-b5de-49c6-90ef-8252910f9244","type":"piece","cardType":"black","deck":"8c98aa89-f11e-4ab6-b6f6-e62cfa406ca5","parent":null,"x":947.3,"y":148.7,"z":10512,"owner":null,"faceup":false,"dragging":null},{"type":"automationButton","clickRoutine":{"steps":[{"func":"RECALL_CARDS","args":{"decks":{"type":"literal","value":["196a25de-bbca-444d-8787-19e4026b0ef2"]},"includeHands":{"type":"literal","value":"hands"}},"id":"105f2e2b-cb10-4068-b9dd-83adcd9a826b"},{"func":"SHUFFLE_CARDS","args":{"holders":{"type":"literal","value":["88ed28d2-9254-4a92-9cd2-afbea5ef3f37"]}},"id":"6a6d33bd-e344-4961-8e03-f31040ff0cb2"},{"id":"a526ae10-3dbf-4d1b-a0ed-e96da59a0f37","func":"RECALL_CARDS","args":{"decks":{"type":"literal","value":["2690960c-65e6-40d7-b20d-6185e5684d94","8c98aa89-f11e-4ab6-b6f6-e62cfa406ca5"]}}},{"id":"7a6db047-3982-4a48-bb28-f0b500aa2f55","func":"CHANGE_COUNTER","args":{"counters":{"type":"literal","value":["0531fafc-8e43-4855-8b4f-f6f9f9b0cd96","08ca5fd4-cb4c-4a8a-b36e-95641e8f2aa8","e9890682-8740-4806-94aa-37de027bf036","6ca4baf2-03b4-4c0e-8ec5-870989634463","2b8feb10-f77b-478b-b04c-d3257c4d83b6"]}}}],"popupMessage":"Are you sure?"},"label":"Reset","draggingType":null,"x":854.2,"id":"5e6ec210-888b-4495-88e6-88094fa45472","y":213.1,"z":867,"dragging":null},{"id":"3b41ea05-2901-4452-8013-3f5f77339ec9","type":"piece","cardType":"black","deck":"8c98aa89-f11e-4ab6-b6f6-e62cfa406ca5","parent":null,"x":947.3,"y":148.7,"z":10530,"owner":null,"dragging":null},{"id":"654a0144-f531-485e-94bd-5d2ff77a624b","type":"piece","cardType":"black","deck":"8c98aa89-f11e-4ab6-b6f6-e62cfa406ca5","parent":null,"x":947.3,"y":148.7,"z":10532,"owner":null,"dragging":null},{"id":"20d57ff7-5a90-49a3-92e1-e0c93b98c9ea","type":"piece","cardType":"black","deck":"8c98aa89-f11e-4ab6-b6f6-e62cfa406ca5","parent":null,"x":871.6,"y":620.9,"z":10682,"owner":null,"dragging":null},{"faceTemplate":{"objects":[{"type":"image","x":0,"y":0,"w":60,"h":100,"color":"transparent","valueType":"dynamic","value":"image"}]},"collectionType":"pieces","cardTypes":{"black":{"label":"Black","image":"/img/pieces/pegs/black.svg"},"white":{"label":"White","image":"/img/pieces/pegs/white.svg"},"red":{"label":"Red","image":"/img/pieces/pegs/red.svg"},"orange":{"label":"Orange","image":"/img/pieces/pegs/orange.svg"},"peach":{"label":"Peach","image":"/img/pieces/pegs/peach.svg"},"yellow":{"label":"Yellow","image":"/img/pieces/pegs/yellow.svg"},"green":{"label":"Green","image":"/img/pieces/pegs/green.svg"},"teal":{"label":"Teal","image":"/img/pieces/pegs/teal.svg"},"blue":{"label":"Blue","image":"/img/pieces/pegs/blue.svg"},"purple":{"label":"Purple","image":"/img/pieces/pegs/purple.svg"},"pink":{"label":"Pink","image":"/img/pieces/pegs/pink.svg"},"brown":{"label":"Brown","image":"/img/pieces/pegs/brown.svg"}},"cardWidth":60,"type":"cardDeck","x":561.9,"z":1014,"y":37,"id":"86ca8133-6db0-44fb-b507-2f2e47d9aedd","cardHeight":100,"dragging":null},{"type":"automationButton","clickRoutine":{"steps":[{"func":"MOVE_CARDS_BETWEEN_HOLDERS","args":{"from":{"type":"literal","value":["88ed28d2-9254-4a92-9cd2-afbea5ef3f37"]},"to":{"type":"literal","value":["7cf6a765-74d5-435d-97da-806562e6a87b","6a3cc26f-b128-4004-aa8e-07f76ebc1a43","1bab081c-df95-48d8-b9af-6b22c09e92e9","45a326e5-9931-43a1-b76a-fa8639c00181","17d81598-c21a-418c-8f76-281877d0ef8b"]},"quantity":{"type":"literal","value":4},"moveFlip":{"type":"literal","value":"faceUp"},"objects":{"type":"query","queryWidgetTypes":["card","piece"],"holders":["88ed28d2-9254-4a92-9cd2-afbea5ef3f37"]}},"id":"c800ec20-d603-49cc-a41d-46e4a9bbf599"}]},"label":"Deal 4","x":751.6,"draggingType":null,"id":"d18026df-9532-4582-af13-3a29b316a2fb","z":479,"y":213.1,"dragging":null},{"id":"7d438fa3-5ffe-4d1b-87bd-865401465ce3","type":"card","cardType":"type-a3e01128-7c08-4bd5-a244-bfdb800cbd2b","deck":"196a25de-bbca-444d-8787-19e4026b0ef2","parent":"hand","x":56,"y":826,"z":10629,"owner":"pnS6Czsl9oUSf13xrpw6m8YHIVN2","faceup":true,"layoutStackParent":"7d438fa3-5ffe-4d1b-87bd-865401465ce3","dragging":null},{"id":"45a326e5-9931-43a1-b76a-fa8639c00181","x":870.7,"y":513.9,"z":227,"type":"seat","seatIndex":3,"draggingType":null,"seatedUser":"wWVIb7cGSmgAwopOqbzms2dEWm92","seatInitials":null,"seatLabel":"双叶 舞","seatColor":"red","dragging":null},{"type":"cardPile","id":"92297c9a-2de0-44b7-bd97-ec5dcb082622","x":1094.1,"y":27.4,"z":879,"linkedSeat":"6a3cc26f-b128-4004-aa8e-07f76ebc1a43","dragging":null},{"id":"ed793a05-2336-4217-b089-63519b12430a","type":"piece","cardType":"black","deck":"8c98aa89-f11e-4ab6-b6f6-e62cfa406ca5","parent":null,"x":947.3,"y":148.7,"z":10514,"owner":null,"faceup":false,"dragging":null},{"id":"6e795675-72a9-4209-841d-df09ee8d2a5e","type":"piece","cardType":"yellow","deck":"2690960c-65e6-40d7-b20d-6185e5684d94","parent":null,"x":947.3,"y":52.4,"z":9402,"dragging":null},{"type":"cardPile","id":"a40dd77b-4ab2-4b67-b67c-6da6e75e7f24","x":1209.3,"y":28,"z":869,"draggingType":null,"linkedSeat":"6a3cc26f-b128-4004-aa8e-07f76ebc1a43","dragging":null},{"id":"441c0ad6-e8ca-4f66-b9de-4073c1270048","type":"piece","cardType":"black","deck":"8c98aa89-f11e-4ab6-b6f6-e62cfa406ca5","parent":null,"x":947.3,"y":148.7,"z":10510,"owner":null,"dragging":null},{"id":"hand","type":"hand","x":50,"y":820,"z":1,"dragging":null},{"id":"c63d3167-ca8d-4f3b-b275-29fe45ede4e8","x":630.9,"y":447.4,"z":885,"type":"cardPile","linkedSeat":"45a326e5-9931-43a1-b76a-fa8639c00181","dragging":null},{"id":"d6f5628b-d24e-4106-832f-ac4979d25094","type":"piece","cardType":"black","deck":"8c98aa89-f11e-4ab6-b6f6-e62cfa406ca5","parent":null,"x":1050.8,"y":443,"z":10686,"owner":null,"faceup":false,"dragging":null},{"id":"d539adc2-30cd-498b-a78d-0ef004b5cf92","type":"piece","cardType":"black","deck":"8c98aa89-f11e-4ab6-b6f6-e62cfa406ca5","parent":null,"x":947.3,"y":148.7,"z":10534,"owner":null,"dragging":null},{"id":"b56d614c-4940-4611-bd49-03487c9491c1","type":"piece","cardType":"black","deck":"8c98aa89-f11e-4ab6-b6f6-e62cfa406ca5","parent":null,"x":947.3,"y":148.7,"z":10521,"owner":null,"faceup":false,"dragging":null},{"faceTemplate":{"objects":[{"type":"image","x":0,"y":0,"w":40,"h":40,"color":"transparent","valueType":"dynamic","value":"image"}]},"cardTypes":{"black":{"label":"Black","image":"/img/pieces/marbles/black.svg"},"white":{"label":"White","image":"/img/pieces/marbles/white.svg"},"red":{"label":"Red","image":"/img/pieces/marbles/red.svg"},"orange":{"label":"Orange","image":"/img/pieces/marbles/orange.svg"},"peach":{"label":"Peach","image":"/img/pieces/marbles/peach.svg"},"yellow":{"label":"Yellow","image":"/img/pieces/marbles/yellow.svg"},"green":{"label":"Green","image":"/img/pieces/marbles/green.svg"},"teal":{"label":"Teal","image":"/img/pieces/marbles/teal.svg"},"blue":{"label":"Blue","image":"/img/pieces/marbles/blue.svg"},"purple":{"label":"Purple","image":"/img/pieces/marbles/purple.svg"},"pink":{"label":"Pink","image":"/img/pieces/marbles/pink.svg"},"brown":{"label":"Brown","image":"/img/pieces/marbles/brown.svg"}},"collectionType":"pieces","cardWidth":40,"type":"cardDeck","x":924.3,"z":1051,"y":29.4,"showUnflipped":true,"id":"2690960c-65e6-40d7-b20d-6185e5684d94","cardHeight":40,"dragging":null},{"id":"9c28abc9-f8ad-4cdd-9041-d77d1e8d3bf3","type":"card","cardType":"type-f55ade4f-de9c-40a7-b2a3-5c5edf52e8e8","deck":"196a25de-bbca-444d-8787-19e4026b0ef2","parent":"467d34aa-feec-48b1-a1f2-ea67679205b9","x":241,"y":202.3,"z":10660,"faceup":true,"owner":null,"layoutStackParent":null,"dragging":null},{"id":"5061ffa1-bbdb-4499-ab64-86674a27c47e","type":"card","cardType":"type-3ebfce40-63c1-40ac-9d6c-0686462522ef","deck":"196a25de-bbca-444d-8787-19e4026b0ef2","parent":"88ed28d2-9254-4a92-9cd2-afbea5ef3f37","x":676.2,"y":31.2,"z":10589,"owner":null,"faceup":false,"layoutStackParent":null,"dragging":null},{"id":"648fd067-6db5-4524-b03e-149ee55fc649","type":"piece","cardType":"black","deck":"8c98aa89-f11e-4ab6-b6f6-e62cfa406ca5","parent":null,"x":947.3,"y":148.7,"z":10529,"owner":null,"dragging":null},{"id":"132330dc-c0de-4251-b691-d946e3e469c0","type":"card","cardType":"type-f6216678-69d4-47e9-a4a4-98d4e50d134e","deck":"196a25de-bbca-444d-8787-19e4026b0ef2","parent":"88ed28d2-9254-4a92-9cd2-afbea5ef3f37","x":676.2,"y":31.2,"z":10592,"owner":null,"faceup":false,"layoutStackParent":null,"dragging":null},{"id":"46e9811b-d64c-4774-a653-a51612a2bbee","type":"piece","cardType":"black","deck":"8c98aa89-f11e-4ab6-b6f6-e62cfa406ca5","parent":null,"x":1022.2,"y":652.8,"z":10667,"owner":null,"dragging":null},{"type":"labelText","bold":true,"width":152.1,"z":1044,"y":230.5,"x":491,"mainTextStyle":{"size":22.36,"lineHeight":1.6,"font":"iansui","align":"center","mainFill":{"type":"color","color":"rgb(100,100,100)"}},"labelContent":"2pl 3pts\n3pl 15pts\n4pl 20pts\n5pl 30pts","textAlign":"center","textSize":26,"id":"41040860-43a7-4fb2-8d1d-2e207d949e3f","dragging":null},{"type":"cardPile","id":"e4f1f339-084a-40b3-ba72-4243b2feba31","x":350.1,"y":450.3,"z":888,"linkedSeat":"17d81598-c21a-418c-8f76-281877d0ef8b","dragging":null},{"id":"9ef5d93e-4c6d-464e-94f7-9177eb0d0268","type":"piece","cardType":"black","deck":"8c98aa89-f11e-4ab6-b6f6-e62cfa406ca5","parent":null,"x":947.3,"y":148.7,"z":10524,"faceup":false,"owner":null,"dragging":null},{"id":"ac9ea0f6-b000-479d-bc92-0e620bc01083","type":"piece","cardType":"black","deck":"8c98aa89-f11e-4ab6-b6f6-e62cfa406ca5","parent":null,"x":947.3,"y":148.7,"z":10528,"owner":null,"dragging":null},{"id":"5ec27ae5-f49d-4a2b-af25-0b69f567b1be","type":"card","cardType":"type-40cc64e9-2bec-4fe3-b569-56b4b5c4cf26","deck":"196a25de-bbca-444d-8787-19e4026b0ef2","parent":"88ed28d2-9254-4a92-9cd2-afbea5ef3f37","x":676.2,"y":31.2,"z":10586,"owner":null,"faceup":false,"layoutStackParent":null,"dragging":null},{"type":"cardPile","id":"46fd5bb2-1203-424b-83b4-85fab9e12741","x":1095.6,"y":200.7,"z":880,"linkedSeat":"6a3cc26f-b128-4004-aa8e-07f76ebc1a43","dragging":null},{"id":"29e8fa46-b822-4030-b06f-256342ea1b08","type":"piece","cardType":"black","deck":"8c98aa89-f11e-4ab6-b6f6-e62cfa406ca5","parent":null,"x":947.3,"y":148.7,"z":10526,"owner":null,"dragging":null},{"id":"6a3cc26f-b128-4004-aa8e-07f76ebc1a43","x":1349.2,"y":98,"z":225,"type":"seat","seatIndex":1,"draggingType":null,"seatedUser":"Jlz0uFazqCXfjF9kqql1c1p2Uaj2","seatInitials":null,"seatLabel":null,"seatColor":"green","dragging":null},{"id":"490a27b5-1a71-4974-b46e-7bf0dda33bc7","x":747.1,"y":445.9,"z":872,"type":"cardPile","draggingType":null,"linkedSeat":"45a326e5-9931-43a1-b76a-fa8639c00181","dragging":null},{"type":"cardPile","id":"018ee36b-f80c-40b8-9a2c-325445359451","x":350.5,"y":624.7,"z":889,"linkedSeat":"17d81598-c21a-418c-8f76-281877d0ef8b","dragging":null},{"faceTemplate":{"includeBorder":"heavy","includeRadius":false,"objects":[{"type":"image","x":0,"y":0,"w":97,"h":160,"color":"white","valueType":"dynamic","value":"image"}]},"type":"cardDeck","cardWidth":97,"backTemplate":{"includeBorder":"light","includeRadius":false,"objects":[{"type":"image","x":0,"y":0,"w":97,"h":160,"color":"#840202","valueType":"static","value":"package://userassets/1fd04aec-ac8e-4799-804d-0123f328c4b1.png"}]},"parent":"88ed28d2-9254-4a92-9cd2-afbea5ef3f37","draggingType":null,"autoShuffle":true,"x":681.7,"z":121,"y":68.2,"cardTypes":{"type-e61cc6d7-0d77-4f4d-88e6-58b7c21ade23":{"label":"2_red","image":"package://userassets/9397259e-3620-4623-8a3f-437d75b6fd2a.png"},"type-14edc89d-5688-48a1-a736-9cf23b2898da":{"label":"3_red","image":"package://userassets/b6fe624b-9af1-4c40-b901-b13209f9f794.png"},"type-e78dfb86-71d4-433d-add8-dfde82a79e1d":{"label":"5_red","image":"package://userassets/837bf887-d608-460b-9b11-37bb9b77fdfa.png"},"type-3ebfce40-63c1-40ac-9d6c-0686462522ef":{"label":"7_red","image":"package://userassets/4faaed6c-41f0-481b-a1fa-3daa7227d824.png"},"type-40cc64e9-2bec-4fe3-b569-56b4b5c4cf26":{"label":"10_red","image":"package://userassets/e8436118-448d-4f1a-b97c-97c03a659fc1.png"},"type-57c2ec3b-e128-48db-88d1-198a509e71b2":{"label":"15_red","image":"package://userassets/693f3f12-7dfb-4cd0-b23f-c360967fcac0.png"},"type-c4ecd495-f8b5-4c54-9253-9e550dcfc07e":{"label":"20_red","image":"package://userassets/6ae46f63-7ff5-4163-aa3d-f72c6efcdc86.png"},"type-483fd83c-9030-4d60-92ba-70d663df1270":{"label":"wild_red","image":"package://userassets/00558057-3f04-4d3c-af49-92efdc904057.png"},"type-4edacfd0-64bd-4fd1-8264-73a4c1b5a550":{"label":"2_blue","image":"package://userassets/6011b44c-c2f6-4b3e-9b3a-164341ed4f21.png"},"type-6a6081b7-735b-4a39-9ced-d0742f7b18d6":{"label":"3_blue","image":"package://userassets/2b669e72-2e50-4215-8fb5-1358845eeec8.png"},"type-f6216678-69d4-47e9-a4a4-98d4e50d134e":{"label":"5_blue","image":"package://userassets/ae3af3a8-1491-4e44-a56a-243702fb388f.png"},"type-32510ca6-dccf-467f-9f73-dd99f9654fcc":{"label":"7_blue","image":"package://userassets/02f4c49b-8a0a-4fc8-ac54-081e2d0c9c80.png"},"type-f68a1231-b335-4ecc-bcb0-e2092cd7b2a5":{"label":"10_blue","image":"package://userassets/fd21f554-d3a7-47b5-bacf-c929da73ee79.png"},"type-a3e01128-7c08-4bd5-a244-bfdb800cbd2b":{"label":"15_blue","image":"package://userassets/2766ab78-9fe0-489c-89ee-1b9ac06e607e.png"},"type-f55ade4f-de9c-40a7-b2a3-5c5edf52e8e8":{"label":"20_blue","image":"package://userassets/f6682a7e-7a2d-42ea-a7ec-a6dae3465cca.png"},"type-9ab7b843-dc4b-4e74-a482-5be0cc1604dc":{"label":"wild_blue","image":"package://userassets/1c5a57b5-08cc-43a8-9dbf-2a4883a96184.png"}},"id":"196a25de-bbca-444d-8787-19e4026b0ef2","cardHeight":160,"dragging":null},{"type":"cardPile","id":"e858b1d9-4a66-4224-a381-96f4cd11afc3","x":1210.8,"y":201.3,"z":881,"linkedSeat":"6a3cc26f-b128-4004-aa8e-07f76ebc1a43","dragging":null},{"id":"5672f3bb-b58d-46f4-b6b6-7add71fe12b6","type":"piece","cardType":"yellow","deck":"2690960c-65e6-40d7-b20d-6185e5684d94","parent":null,"x":947.3,"y":52.4,"z":9406,"dragging":null},{"id":"1ade7a1e-40d1-4beb-9b78-b80b405e5d87","type":"piece","cardType":"black","deck":"8c98aa89-f11e-4ab6-b6f6-e62cfa406ca5","parent":null,"x":484.3,"y":285.7,"z":10669,"owner":null,"faceup":false,"dragging":null},{"id":"dc4d829a-a376-4c75-8426-c30d513956fa","type":"card","cardType":"type-e61cc6d7-0d77-4f4d-88e6-58b7c21ade23","deck":"196a25de-bbca-444d-8787-19e4026b0ef2","parent":"88ed28d2-9254-4a92-9cd2-afbea5ef3f37","x":676.2,"y":31.2,"z":10585,"owner":null,"faceup":false,"layoutStackParent":null,"dragging":null},{"id":"6cdbeda6-c91a-4ff9-9b9b-47b722cbe177","type":"piece","cardType":"yellow","deck":"2690960c-65e6-40d7-b20d-6185e5684d94","parent":null,"x":947.3,"y":52.4,"z":9401,"dragging":null},{"id":"26e32625-c5d9-4c6e-bd1c-62e9bb4a9c30","type":"piece","cardType":"black","deck":"8c98aa89-f11e-4ab6-b6f6-e62cfa406ca5","parent":null,"x":947.3,"y":148.7,"z":10515,"faceup":false,"dragging":null},{"id":"78c8bef5-bd76-4d19-bd04-c65995a2833a","type":"piece","cardType":"black","deck":"8c98aa89-f11e-4ab6-b6f6-e62cfa406ca5","parent":null,"x":947.3,"y":148.7,"z":10525,"owner":null,"dragging":null},{"id":"74078d46-d5d0-415b-9ce1-2fa765d0c8cb","type":"piece","cardType":"black","deck":"8c98aa89-f11e-4ab6-b6f6-e62cfa406ca5","parent":null,"x":947.3,"y":148.7,"z":10516,"owner":null,"faceup":false,"dragging":null},{"id":"b19252f5-c8ec-4dc4-99e8-96a3a32f6576","type":"piece","cardType":"black","deck":"8c98aa89-f11e-4ab6-b6f6-e62cfa406ca5","parent":null,"x":947.3,"y":148.7,"z":10536,"owner":null,"dragging":null},{"id":"12c86515-3c87-472a-bb7e-b558e79ca809","type":"card","cardType":"type-6a6081b7-735b-4a39-9ced-d0742f7b18d6","deck":"196a25de-bbca-444d-8787-19e4026b0ef2","parent":"018ee36b-f80c-40b8-9a2c-325445359451","x":357.5,"y":628.7,"z":10661,"owner":null,"faceup":true,"layoutStackParent":null,"dragging":null},{"type":"automationButton","clickRoutine":{"steps":[{"func":"MOVE_CARDS_BETWEEN_HOLDERS","args":{"from":{"type":"literal","value":["88ed28d2-9254-4a92-9cd2-afbea5ef3f37"]},"to":{"type":"literal","value":["7cf6a765-74d5-435d-97da-806562e6a87b","6a3cc26f-b128-4004-aa8e-07f76ebc1a43","1bab081c-df95-48d8-b9af-6b22c09e92e9","45a326e5-9931-43a1-b76a-fa8639c00181","17d81598-c21a-418c-8f76-281877d0ef8b"]},"quantity":{"type":"literal","value":1},"moveFlip":{"type":"literal","value":"faceUp"},"objects":{"type":"query","queryWidgetTypes":["card","piece"],"holders":["88ed28d2-9254-4a92-9cd2-afbea5ef3f37"]}},"id":"62b886b9-05c0-4071-b071-380e0e847593"}]},"label":"Deal 1","x":652.2,"draggingType":null,"id":"a703924e-dd85-4850-afe3-cd5d1621ac2b","z":585,"y":212.7,"dragging":null},{"id":"24e08e27-a4d6-4918-ad86-125f0323210c","type":"piece","cardType":"yellow","deck":"2690960c-65e6-40d7-b20d-6185e5684d94","parent":null,"x":947.3,"y":52.4,"z":9405,"dragging":null},{"id":"58398a76-7dd8-495a-badc-48fa778e35ce","x":748.6,"y":623.4,"z":887,"type":"cardPile","linkedSeat":"45a326e5-9931-43a1-b76a-fa8639c00181","dragging":null},{"id":"42dbfd44-0a43-4938-beca-f2e0eeb277f0","type":"card","cardType":"type-4edacfd0-64bd-4fd1-8264-73a4c1b5a550","deck":"196a25de-bbca-444d-8787-19e4026b0ef2","parent":"388a0804-70a1-42a2-a8a4-bf03113c4156","x":242.5,"y":630.4,"z":10662,"owner":null,"faceup":true,"layoutStackParent":null,"dragging":null},{"type":"counter","counterValue":28,"counterMin":0,"counterMax":1000,"id":"2b8feb10-f77b-478b-b04c-d3257c4d83b6","x":1357.7,"y":570.3,"z":1019,"dragging":null},{"id":"67102216-e9fc-4ef2-8759-beddde0feede","type":"piece","cardType":"black","deck":"8c98aa89-f11e-4ab6-b6f6-e62cfa406ca5","parent":null,"x":1022.2,"y":652.8,"z":10666,"owner":null,"faceup":false,"dragging":null},{"id":"edac1eef-c99c-4dfa-8dc0-fad4f8384213","type":"card","cardType":"type-e78dfb86-71d4-433d-add8-dfde82a79e1d","deck":"196a25de-bbca-444d-8787-19e4026b0ef2","parent":"88ed28d2-9254-4a92-9cd2-afbea5ef3f37","x":676.2,"y":31.2,"z":10590,"owner":null,"faceup":false,"layoutStackParent":null,"dragging":null},{"id":"990efc72-4d26-44e1-9a59-3d87da3fd7dd","type":"piece","cardType":"black","deck":"8c98aa89-f11e-4ab6-b6f6-e62cfa406ca5","parent":null,"x":869.2,"y":691.2,"z":10670,"owner":null,"dragging":null},{"id":"3e73adb2-39bf-470b-9952-cd8b6f3648cf","type":"piece","cardType":"black","deck":"8c98aa89-f11e-4ab6-b6f6-e62cfa406ca5","parent":null,"x":947.3,"y":148.7,"z":10513,"faceup":false,"owner":null,"dragging":null},{"type":"cardPile","x":669.2,"y":27.2,"z":868,"id":"88ed28d2-9254-4a92-9cd2-afbea5ef3f37","hasShuffleButton":false,"draggingType":null,"dragging":null},{"id":"589d9ac6-19d2-47fe-8a2a-4560bcc72773","type":"piece","cardType":"black","deck":"8c98aa89-f11e-4ab6-b6f6-e62cfa406ca5","parent":null,"x":1022.2,"y":652.8,"z":10665,"owner":null,"faceup":false,"dragging":null},{"id":"7c4e4b57-e3ea-46bd-aa02-cd1686cb873d","x":632.4,"y":624.9,"z":886,"type":"cardPile","linkedSeat":"45a326e5-9931-43a1-b76a-fa8639c00181","dragging":null},{"id":"4f05fe91-176e-49f7-9536-1bbc89576a44","type":"card","cardType":"type-57c2ec3b-e128-48db-88d1-198a509e71b2","deck":"196a25de-bbca-444d-8787-19e4026b0ef2","parent":"2fa6a900-3428-4d43-95b6-6c78b5ae2242","x":1098.8,"y":629.2,"z":10659,"owner":null,"faceup":true,"layoutStackParent":null,"dragging":null},{"id":"313e8380-c8be-44ad-9fe4-141d96795267","type":"piece","cardType":"black","deck":"8c98aa89-f11e-4ab6-b6f6-e62cfa406ca5","parent":null,"x":947.3,"y":148.7,"z":10520,"owner":null,"faceup":false,"dragging":null},{"type":"cardPile","id":"9c3b1fc2-9116-47d7-9b67-5d16d1bd0735","x":790.6,"y":30.2,"z":875,"draggingType":null,"dragging":null},{"id":"182b4415-e3d0-4747-965e-1d704b820759","type":"card","cardType":"type-6a6081b7-735b-4a39-9ced-d0742f7b18d6","deck":"196a25de-bbca-444d-8787-19e4026b0ef2","parent":"hand","x":56,"y":826,"z":10647,"owner":"smRGxJFt19RZSuRAdK8YL6yIoD63","faceup":true,"layoutStackParent":"182b4415-e3d0-4747-965e-1d704b820759","dragging":null},{"id":"4db4af34-3d40-4617-a74e-3403f9245759","type":"piece","cardType":"yellow","deck":"2690960c-65e6-40d7-b20d-6185e5684d94","parent":null,"x":170.7,"y":661.4,"z":10671,"owner":null,"dragging":null},{"id":"c44df823-b16b-4512-b023-281fff715a23","type":"card","cardType":"type-c4ecd495-f8b5-4c54-9253-9e550dcfc07e","deck":"196a25de-bbca-444d-8787-19e4026b0ef2","parent":"d71f52c3-fdae-4724-a0de-d7bcbb9ad787","x":240.2,"y":29.6,"z":10675,"owner":null,"faceup":true,"layoutStackParent":null,"dragging":null},{"type":"automationButton","x":958.3,"clickRoutine":{"steps":[{"id":"6734c097-97b3-4824-950a-ab2ca0e8b0eb","func":"RECALL_CARDS","args":{"decks":{"type":"literal","value":["8c98aa89-f11e-4ab6-b6f6-e62cfa406ca5"]}}}]},"label":"recall tokens","id":"62b8eae7-812c-4b7f-9bb2-95243e5c564f","y":307.3,"z":6465,"dragging":null},{"id":"f527d7ac-7287-4677-bd48-28feb06a67b3","type":"card","cardType":"type-a3e01128-7c08-4bd5-a244-bfdb800cbd2b","deck":"196a25de-bbca-444d-8787-19e4026b0ef2","parent":"436cf162-dfaf-4e19-92b7-f16ae35429bc","x":353.1,"y":29,"z":10674,"owner":null,"faceup":true,"layoutStackParent":null,"dragging":null},{"id":"582ec411-e2c3-4aa7-8998-1752707e8b3a","type":"piece","cardType":"black","deck":"8c98aa89-f11e-4ab6-b6f6-e62cfa406ca5","parent":null,"x":947.3,"y":148.7,"z":10522,"owner":null,"dragging":null},{"id":"1919fd51-fa08-4900-91dc-c8e04babc7b1","type":"piece","cardType":"black","deck":"8c98aa89-f11e-4ab6-b6f6-e62cfa406ca5","parent":null,"x":871.6,"y":620.9,"z":10681,"owner":null,"dragging":null},{"id":"15ba40fb-d096-45dc-b80b-79b485fe42c2","type":"card","cardType":"type-f68a1231-b335-4ecc-bcb0-e2092cd7b2a5","deck":"196a25de-bbca-444d-8787-19e4026b0ef2","parent":"905de7b8-aae9-4a74-b233-06d2629df2a9","x":1098.4,"y":450.7,"z":10673,"owner":null,"faceup":true,"layoutStackParent":null,"dragging":null},{"id":"bda1f9b2-138a-407d-92a0-89beb6758835","type":"card","cardType":"type-483fd83c-9030-4d60-92ba-70d663df1270","deck":"196a25de-bbca-444d-8787-19e4026b0ef2","parent":"88ed28d2-9254-4a92-9cd2-afbea5ef3f37","x":676.2,"y":31.2,"z":10588,"owner":null,"faceup":false,"layoutStackParent":null,"dragging":null},{"type":"automationButton","x":960.2,"clickRoutine":{"steps":[{"id":"da5fd039-603e-4a74-bc58-2165a10376c0","func":"MOVE_CARDS_BETWEEN_HOLDERS","args":{"objects":{"type":"query","queryWidgetTypes":["card","piece"],"holders":["9c3b1fc2-9116-47d7-9b67-5d16d1bd0735"]},"quantity":{"type":"literal","value":"all"},"to":{"type":"literal","value":["88ed28d2-9254-4a92-9cd2-afbea5ef3f37"]},"moveFlip":{"type":"literal","value":"faceDown"},"changeRotation":{"type":"literal","value":"auto"}}},{"id":"f447fda8-7495-4d0c-983c-43754bca8852","func":"SHUFFLE_CARDS","args":{"holders":{"type":"literal","value":["88ed28d2-9254-4a92-9cd2-afbea5ef3f37"]}}}]},"label":"Shuffle","id":"8b223dcd-c7fe-42b0-b5eb-0cf67652c169","y":211,"z":1653,"dragging":null},{"id":"ab97222e-d9bb-4ee2-86a0-19405eb1e64b","type":"card","cardType":"type-3ebfce40-63c1-40ac-9d6c-0686462522ef","deck":"196a25de-bbca-444d-8787-19e4026b0ef2","parent":"hand","x":56,"y":826,"z":10654,"owner":"XKvfu8yBk1aoa5mNghxJ1XDxoCt1","faceup":true,"layoutStackParent":"ab97222e-d9bb-4ee2-86a0-19405eb1e64b","dragging":null},{"id":"1bab081c-df95-48d8-b9af-6b22c09e92e9","x":1340.3,"y":523.6,"z":226,"type":"seat","seatIndex":2,"draggingType":null,"seatedUser":"XKvfu8yBk1aoa5mNghxJ1XDxoCt1","seatInitials":null,"seatLabel":"melo","seatColor":"yellow","dragging":null},{"id":"4fe15eab-8f42-4c21-b7b0-eed62b87571a","type":"piece","cardType":"yellow","deck":"2690960c-65e6-40d7-b20d-6185e5684d94","parent":null,"x":947.3,"y":52.4,"z":9400,"dragging":null},{"id":"436881bb-0cfc-4029-b73e-0ba31dda7fd5","type":"piece","cardType":"yellow","deck":"2690960c-65e6-40d7-b20d-6185e5684d94","parent":null,"x":947.3,"y":52.4,"z":9398,"dragging":null},{"type":"counter","counterValue":19,"counterMin":0,"counterMax":1000,"id":"e9890682-8740-4806-94aa-37de027bf036","x":890.4,"y":562.4,"z":1020,"dragging":null},{"id":"49113b89-26de-481b-8dd2-ba1d9e95cb15","type":"piece","cardType":"black","deck":"8c98aa89-f11e-4ab6-b6f6-e62cfa406ca5","parent":null,"x":947.3,"y":148.7,"z":10527,"owner":null,"dragging":null},{"id":"9965e49c-adaf-4b2b-b88e-27131181318f","type":"piece","cardType":"yellow","deck":"2690960c-65e6-40d7-b20d-6185e5684d94","parent":null,"x":947.3,"y":52.4,"z":9399,"dragging":null},{"type":"counter","counterValue":18,"counterMin":0,"counterMax":1000,"id":"0531fafc-8e43-4855-8b4f-f6f9f9b0cd96","x":44.3,"y":151.8,"z":1022,"dragging":null},{"type":"cardPile","id":"388a0804-70a1-42a2-a8a4-bf03113c4156","x":235.5,"y":626.4,"z":890,"linkedSeat":"17d81598-c21a-418c-8f76-281877d0ef8b","dragging":null},{"faceTemplate":{"objects":[{"type":"image","x":0,"y":0,"w":40,"h":40,"color":"transparent","valueType":"dynamic","value":"image"}]},"cardTypes":{"black":{"label":"Black","image":"/img/pieces/marbles/black.svg"},"white":{"label":"White","image":"/img/pieces/marbles/white.svg"},"red":{"label":"Red","image":"/img/pieces/marbles/red.svg"},"orange":{"label":"Orange","image":"/img/pieces/marbles/orange.svg"},"peach":{"label":"Peach","image":"/img/pieces/marbles/peach.svg"},"yellow":{"label":"Yellow","image":"/img/pieces/marbles/yellow.svg"},"green":{"label":"Green","image":"/img/pieces/marbles/green.svg"},"teal":{"label":"Teal","image":"/img/pieces/marbles/teal.svg"},"blue":{"label":"Blue","image":"/img/pieces/marbles/blue.svg"},"purple":{"label":"Purple","image":"/img/pieces/marbles/purple.svg"},"pink":{"label":"Pink","image":"/img/pieces/marbles/pink.svg"},"brown":{"label":"Brown","image":"/img/pieces/marbles/brown.svg"}},"collectionType":"pieces","cardWidth":40,"type":"cardDeck","x":924.3,"z":1537,"y":125.7,"showUnflipped":true,"id":"8c98aa89-f11e-4ab6-b6f6-e62cfa406ca5","cardHeight":40,"dragging":null},{"id":"33a36c05-fba6-4e8b-a137-7351dc8e02fd","type":"card","cardType":"type-32510ca6-dccf-467f-9f73-dd99f9654fcc","deck":"196a25de-bbca-444d-8787-19e4026b0ef2","parent":"e4f1f339-084a-40b3-ba72-4243b2feba31","x":357.1,"y":454.3,"z":10676,"owner":null,"faceup":true,"layoutStackParent":null,"dragging":null},{"id":"238ca07d-4ee3-4ff5-928c-ffd2a75ec265","type":"card","cardType":"type-483fd83c-9030-4d60-92ba-70d663df1270","deck":"196a25de-bbca-444d-8787-19e4026b0ef2","parent":"58398a76-7dd8-495a-badc-48fa778e35ce","x":755.6,"y":627.4,"z":10663,"owner":null,"faceup":true,"layoutStackParent":null,"dragging":null},{"id":"fb91957a-4a06-49a2-b82d-b62412aadfd5","type":"card","cardType":"type-4edacfd0-64bd-4fd1-8264-73a4c1b5a550","deck":"196a25de-bbca-444d-8787-19e4026b0ef2","parent":"hand","x":56,"y":826,"z":10626,"owner":"wWVIb7cGSmgAwopOqbzms2dEWm92","faceup":true,"layoutStackParent":"fb91957a-4a06-49a2-b82d-b62412aadfd5","dragging":null},{"id":"3e33148e-78e5-46fc-bef5-4d33668097bb","type":"card","cardType":"type-9ab7b843-dc4b-4e74-a482-5be0cc1604dc","deck":"196a25de-bbca-444d-8787-19e4026b0ef2","parent":"72ff2ae8-6824-4114-994d-fc6524e2fcfd","x":1215.7,"y":449.2,"z":10672,"owner":null,"faceup":true,"layoutStackParent":null,"dragging":null}]